<xml>
	<block type="race_player" deletable="false" x="20" y="20"/>
	<block type="race_lane_setting" deletable="false" x="20" y="130">
		<statement name="race_lane_setting_1">
			<block type="race_resource">
				<field name="race_resource_speed_min">80</field>
				<field name="race_resource_speed_max">180</field>
        <field name="race_resource_image_src">car1</field>
        <field name="race_resource_image">images/car1.png</field>
			</block>
		</statement>
		<statement name="race_lane_setting_2">
			<block type="race_resource">
				<field name="race_resource_speed_min">80</field>
				<field name="race_resource_speed_max">180</field>
				<field name="race_resource_image_src">car2</field>
        <field name="race_resource_image">images/car2.png</field>
      </block>
		</statement>
		<statement name="race_lane_setting_3">
			<block type="race_resource">
				<field name="race_resource_speed_min">80</field>
				<field name="race_resource_speed_max">180</field>
				<field name="race_resource_image_src">car3</field>
        <field name="race_resource_image">images/car3.png</field>
      </block>
		</statement>
		<statement name="race_lane_setting_4">
			<block type="race_resource">
				<field name="race_resource_speed_min">80</field>
				<field name="race_resource_speed_max">180</field>
				<field name="race_resource_image_src">car4</field>
        <field name="race_resource_image">images/car4.png</field>
      </block>
		</statement>
		<statement name="race_lane_setting_5">
			<block type="race_resource">
				<field name="race_resource_speed_min">80</field>
				<field name="race_resource_speed_max">180</field>
				<field name="race_resource_image_src">car5</field>
        <field name="race_resource_image">images/car5.png</field>
			</block>
		</statement>
		<statement name="race_lane_setting_6">
			<block type="race_resource">
				<field name="race_resource_speed_min">80</field>
				<field name="race_resource_speed_max">180</field>
				<field name="race_resource_image_src">car6</field>
        <field name="race_resource_image">images/car6.png</field>
			</block>
		</statement>
		<statement name="race_lane_setting_7">
			<block type="race_resource">
				<field name="race_resource_speed_min">80</field>
				<field name="race_resource_speed_max">180</field>
				<field name="race_resource_image_src">car7</field>
        <field name="race_resource_image">images/car7.png</field>
			</block>
		</statement>
		<statement name="race_lane_setting_8">
			<block type="race_resource">
				<field name="race_resource_speed_min">80</field>
				<field name="race_resource_speed_max">180</field>
				<field name="race_resource_image_src">car8</field>
        <field name="race_resource_image">images/car8.png</field>
			</block>
		</statement>
		<statement name="race_lane_setting_9">
			<block type="race_resource">
				<field name="race_resource_speed_min">80</field>
				<field name="race_resource_speed_max">180</field>
				<field name="race_resource_image_src">car9</field>
        <field name="race_resource_image">images/car9.png</field>
			</block>
		</statement>
	</block>
</xml>
